f1,f2,f3,f4,f5,f6,f7,f8,f9,f10,f11,f12,f13,f14,f15,f16,f17,f18,f19,f20,f21,f22,f23,f24,f25,f26,f27,f28,f29,f30,f31,f32,f33,f34,f35,f36,f37,f38,f39,f40,f41,f42,f43,f44,f45,f46,f47,f48,f49,f50,f51,f52,f53,f54,f55
1.35,684.002,9.692,4.039,3086.429,1552.389,185.289,1.871,8.129,27.078,-2.899,1.573,40.81,0.0,31.72,47.0,909.484,58.927,915.46,0.0,6.381,0.0,70.965,0.0,28.326,70.832,73.688,0.0,1356.941,8.262,45.516,82.585,0.0,0.0,0.0,0.0,82.487,1.099,1.087,91.076,45.773,91.076,1002.778,936.96,17.682,161.885,110.0,162.177,40.471,244.823,82.623,29.469,78.654,7.025,3030.404
1.206,326.555,9.884,4.173,1834.585,1500.779,36.167,-3.359,1.626,120.376,3.272,6.876,24.875,0.0,40.689,47.0,757.034,47.332,755.702,0.0,1.258,0.0,145.713,0.0,42.212,145.713,150.07,0.0,1343.083,10.886,45.879,46.654,0.0,0.0,0.0,0.0,46.44,1.112,1.267,89.244,37.785,89.244,565.907,552.278,66.323,111.037,110.0,111.005,27.751,242.733,71.206,23.669,74.733,5.224,1752.489
1.248,373.93,9.595,4.178,2412.298,1710.368,157.906,3.487,6.213,27.333,-4.334,1.596,42.733,0.0,49.18,47.0,823.066,51.826,834.853,0.0,176.737,0.0,-0.031,0.0,0.399,-0.031,0.0,0.0,1336.538,14.931,46.519,75.547,0.0,0.0,0.0,0.0,75.616,1.087,1.094,92.008,41.743,92.008,1021.302,1074.829,35.186,125.369,110.0,125.128,31.282,241.604,75.361,25.907,75.603,5.033,3213.528
1.01,1.0,1.0,0.0,1.0,1.0,-0.383,-0.028,0.0,-0.618,-0.004,0.0,0.74,35.0,0.657,47.0,24.331,40.0,-0.0,0.0,154.769,0.0,-0.026,0.0,1.754,-0.027,0.0,0.0,786.195,-5.0,43.555,100.0,0.0,0.0,0.0,0.0,100.0,1.141,1.176,82.66,-0.0,82.66,2.688,174.398,2.378,35.347,110.0,35.347,8.839,8.92,0.708,20.0,80.746,6.552,22.666
1.196,471.772,10.008,3.478,1643.121,1251.791,158.005,2.128,6.92,27.392,-1.189,1.568,40.388,0.0,49.346,45.0,631.704,40.0,568.343,0.0,147.874,0.0,-0.049,0.0,2.216,-0.049,0.0,0.0,1339.668,9.869,45.816,100.0,0.0,0.0,0.0,0.0,100.0,0.998,1.021,89.876,28.417,89.876,750.59,1099.678,66.892,80.377,110.0,80.372,20.093,207.963,63.468,20.0,76.515,4.584,3314.327
1.211,12.568,6.587,4.408,2337.98,1144.66,37.757,-0.024,1.679,28.06,-0.011,1.556,29.944,0.0,44.772,47.0,883.963,52.594,889.312,0.0,239.178,0.0,-0.012,0.0,6.295,-0.013,0.0,0.0,1350.726,11.065,45.984,100.0,0.0,0.0,0.0,0.0,100.0,0.977,1.031,93.795,44.475,93.795,723.731,964.214,42.527,137.411,110.0,137.783,34.446,263.843,76.597,26.293,76.394,4.973,3071.902
1.262,185.019,9.531,4.597,2509.562,1913.946,27.353,-2.44,1.203,89.106,2.601,4.918,45.408,0.0,54.887,47.0,920.778,56.176,919.763,0.0,203.008,0.0,-0.04,0.0,0.281,-0.038,0.0,0.0,1327.091,8.803,45.671,95.628,0.0,0.0,0.0,0.0,95.777,1.068,1.035,93.031,45.988,93.031,1141.423,1119.281,17.946,131.313,110.0,131.272,32.818,301.925,79.935,28.093,78.772,6.984,3444.922
1.22,309.861,9.819,4.118,2053.261,1473.686,122.437,5.801,5.222,28.178,-6.123,1.58,38.002,0.0,39.952,47.0,851.614,52.62,837.687,0.0,77.56,0.0,139.661,0.0,40.768,138.7,130.873,0.0,1354.908,7.9,45.462,70.256,0.0,0.0,0.0,0.0,70.047,1.106,1.163,91.357,41.884,91.357,891.902,843.711,50.752,137.558,110.0,137.549,34.389,240.803,76.267,26.312,75.657,6.533,2785.714
1.247,317.604,9.86,4.124,2042.839,1567.653,36.795,-1.619,1.636,80.528,3.726,4.65,39.741,0.0,58.115,47.0,338.661,40.356,103.465,0.0,342.627,0.0,-0.02,0.0,2.581,-0.02,-0.0,0.0,1254.338,7.461,45.406,100.0,0.0,0.0,0.0,0.0,100.0,1.041,1.032,90.602,5.165,90.602,989.459,1130.186,40.97,35.098,110.0,34.625,8.688,188.711,56.034,20.296,74.386,5.86,2930.552
1.207,259.394,9.939,3.411,1686.638,1754.346,37.325,-3.135,1.673,120.376,5.759,6.536,40.138,0.0,51.672,45.0,647.773,40.513,625.599,0.0,432.331,0.0,-0.046,0.0,2.413,-0.046,0.0,0.0,1322.304,10.111,45.861,100.0,0.0,0.0,0.0,0.0,100.0,0.969,0.986,93.099,31.28,93.099,635.247,1161.0,43.24,83.822,110.0,83.751,20.938,180.807,63.937,20.27,74.617,4.648,3084.483
1.24,223.414,9.785,4.218,2310.844,1276.69,56.247,0.631,2.528,27.176,-0.531,1.571,25.388,0.0,42.92,47.0,752.416,46.397,753.273,0.0,270.939,0.0,-0.042,0.0,2.177,-0.042,0.0,0.0,1344.179,12.397,46.165,100.197,0.0,0.0,0.0,0.0,100.0,1.006,1.112,90.991,37.665,90.991,602.306,789.561,26.607,108.485,110.0,108.438,27.109,236.498,70.17,23.199,76.535,5.264,1.0
1.218,14.658,10.138,3.908,1874.359,1269.535,91.697,2.162,3.846,27.098,-2.731,1.558,2.546,0.0,25.95,47.0,831.472,51.478,821.783,0.0,13.024,0.0,5.391,0.0,100.0,5.391,66.976,0.0,1241.129,14.307,46.438,100.0,0.0,0.0,0.0,0.0,100.0,0.936,0.956,91.87,40.945,91.711,0.263,1067.415,44.679,128.907,110.0,128.577,32.188,212.042,75.24,25.743,81.158,5.895,1537.296
1.28,229.95,9.907,4.018,2615.323,1391.74,27.491,-3.093,1.222,77.761,3.217,4.228,24.555,0.0,34.743,47.0,786.909,49.517,776.45,0.0,0.124,0.0,339.337,0.0,100.0,339.314,550.0,0.0,1347.607,18.376,46.995,-1.214,0.0,0.0,0.0,0.0,-1.215,-0.069,1.481,91.507,38.82,91.51,531.557,515.984,35.469,124.04,110.0,123.917,30.979,254.212,73.05,24.762,79.574,5.072,1911.88
1.212,134.788,9.872,3.735,1769.271,1152.578,36.913,-0.383,1.646,116.175,4.091,5.825,41.565,0.0,40.965,45.0,640.534,40.0,601.986,0.0,250.434,0.0,-0.045,0.0,2.105,-0.045,0.0,0.0,1348.682,8.632,45.559,100.0,0.0,0.0,0.0,0.0,100.0,1.014,1.022,91.982,30.099,91.982,807.622,1144.705,33.137,82.182,110.0,82.339,20.585,195.981,63.319,20.0,78.296,4.484,2868.817
1.141,131.196,9.86,4.083,1337.578,1217.734,27.314,-0.048,1.208,27.824,-0.044,1.569,43.53,0.0,39.06,47.0,820.24,51.928,817.953,0.0,277.281,0.0,-0.043,0.0,3.31,-0.041,0.0,0.0,1341.789,14.86,46.441,100.001,0.0,0.0,0.0,0.0,100.0,-0.09,0.949,92.37,40.915,92.37,1041.709,1137.348,64.393,133.854,110.0,133.359,33.34,208.584,75.546,25.957,76.081,5.131,3712.44
1.3,133.669,9.866,3.831,2628.458,1353.104,36.991,-0.071,1.631,27.432,-0.008,1.567,42.507,0.0,53.267,45.0,625.752,40.0,567.782,0.0,256.196,0.0,-0.053,0.0,2.0,-0.053,-0.0,0.0,1322.078,8.991,45.607,100.0,0.0,0.0,0.0,0.0,100.0,1.001,1.011,90.073,28.389,90.073,587.103,1219.179,48.624,76.225,110.0,76.225,19.028,183.116,63.31,20.0,75.665,4.523,3208.31
1.114,134.317,9.878,4.173,1056.509,1346.712,27.039,-0.077,1.209,23.211,0.23,1.305,37.596,0.0,34.887,47.0,811.782,50.635,808.978,0.0,25.168,0.0,323.104,0.0,100.0,323.039,550.0,0.0,1353.328,21.37,47.385,1.661,0.0,0.0,0.0,0.0,1.924,-0.075,1.276,92.866,40.449,92.866,888.377,852.813,68.14,128.513,110.0,128.518,32.129,224.113,74.299,25.326,80.265,5.012,2495.314
1.175,260.601,9.933,4.234,1571.003,1380.96,131.034,4.418,5.275,26.686,-4.948,1.539,30.598,0.0,37.262,47.0,805.516,49.595,796.076,0.0,0.125,0.0,81.244,0.0,41.409,81.583,79.875,0.0,1353.796,12.686,46.185,100.0,0.0,0.0,0.0,0.0,100.0,-0.086,1.192,92.286,39.803,92.288,693.684,57.095,29.661,127.809,110.0,127.722,31.953,230.176,73.162,24.803,79.538,5.01,1610.248
1.014,117.682,9.498,4.282,130.924,1094.099,27.451,-0.056,1.197,27.275,-0.018,1.63,37.695,0.0,26.521,47.0,894.702,57.306,899.913,0.0,0.105,0.0,93.603,0.0,30.0,93.621,79.787,0.0,1368.826,10.404,45.881,76.148,0.0,0.0,0.0,0.0,76.21,1.1,1.126,94.237,44.996,94.237,942.626,857.006,21.111,153.517,110.0,153.467,38.367,255.207,81.113,28.649,79.439,7.115,2658.506
1.204,343.25,10.175,4.265,2029.489,1137.314,187.448,3.627,8.232,27.805,-7.079,1.582,30.526,0.0,29.342,47.0,855.957,54.002,852.229,0.0,0.116,0.0,159.655,0.0,40.116,159.903,156.246,0.0,1351.025,7.774,45.496,48.931,0.0,0.0,0.0,0.0,49.039,1.083,1.197,92.274,42.703,92.274,733.936,728.545,30.989,142.3,110.0,142.3,35.575,233.427,78.047,27.006,74.232,5.083,2388.684
1.19,124.365,9.742,4.241,2123.441,981.148,36.775,-0.062,1.619,17.617,0.289,0.996,40.18,0.0,51.927,47.0,841.696,52.755,877.317,0.0,131.598,0.0,88.095,0.0,31.132,88.029,74.431,0.0,1334.207,-0.0,76.544,51.591,0.0,0.0,0.0,0.0,51.533,1.023,1.2,94.806,43.871,94.806,1047.342,1047.07,-0.0,132.128,110.0,132.128,33.032,238.763,76.685,26.37,77.115,5.122,3351.307
1.116,182.104,9.778,4.312,1055.178,1187.875,36.697,-0.738,1.647,117.49,4.029,6.286,43.271,0.0,44.266,47.0,845.847,51.795,851.675,0.0,185.558,0.0,-0.002,0.0,7.267,-0.002,0.0,0.0,1345.685,8.11,45.539,100.0,0.0,0.0,0.0,0.0,100.0,0.973,0.976,92.312,42.584,92.312,1138.014,1160.998,73.175,134.902,110.0,135.389,33.847,251.73,75.866,25.898,76.162,5.05,3132.893
1.222,918.433,9.889,4.19,2020.466,1455.084,36.363,-1.733,1.623,155.688,1.54,8.885,28.014,0.0,32.902,47.0,824.27,50.627,803.779,0.0,239.99,0.0,-0.016,0.0,6.123,-0.018,0.0,0.0,1347.148,7.159,45.346,100.0,0.0,0.0,0.0,0.0,100.0,0.982,1.058,90.308,40.257,90.308,697.709,920.189,49.755,130.187,110.0,130.187,32.547,203.058,74.789,25.318,79.926,4.55,1.0
1.112,116.445,9.855,4.412,1151.119,1367.413,30.239,0.264,1.357,27.333,-0.064,1.557,43.444,-0.0,46.114,47.0,876.947,54.198,873.561,0.0,393.205,0.0,-0.044,0.0,0.596,-0.045,-0.0,0.0,1338.933,11.202,45.898,100.0,0.0,0.0,0.0,0.0,100.0,0.997,0.923,92.187,43.678,92.187,1029.87,1199.08,24.604,139.826,110.0,139.824,34.956,259.005,77.692,27.102,77.102,4.353,3177.868
1.096,293.932,9.891,4.261,836.543,1199.227,36.638,-3.597,1.618,118.118,4.737,6.95,33.284,0.0,28.726,47.0,833.982,51.586,826.344,0.0,2.68,0.0,74.247,0.0,29.684,74.247,77.32,0.0,1347.936,12.47,46.17,100.0,0.0,0.0,0.0,0.0,100.0,1.051,1.108,91.36,41.317,91.36,808.763,786.604,47.525,123.996,110.0,123.975,30.994,257.438,75.235,25.8,74.317,5.854,1925.041
1.308,114.207,9.507,4.348,3132.922,1326.202,27.765,-4.564,1.237,75.523,3.986,4.303,44.454,0.0,49.4,47.0,894.223,55.14,905.531,0.0,184.388,0.0,-0.046,0.0,0.307,-0.046,-0.0,0.0,1337.184,7.368,45.432,100.001,0.0,0.0,0.0,0.0,100.0,1.054,1.017,93.708,45.277,93.708,1148.202,1086.017,33.457,135.908,110.0,136.742,33.977,280.776,78.662,27.567,80.315,6.933,3401.235
1.421,293.107,9.43,4.109,3747.347,1892.672,108.814,3.289,5.153,27.176,-4.112,1.572,40.897,0.0,49.206,47.0,833.152,51.8,826.978,0.0,200.153,0.0,28.107,0.0,8.48,27.287,0.115,0.0,1335.508,16.577,46.712,76.081,0.0,0.0,0.0,0.0,76.928,1.088,1.099,91.792,41.296,91.792,1004.943,1066.192,71.886,126.149,110.0,126.487,31.537,240.097,75.316,25.905,74.013,5.134,3407.6
1.371,155.782,9.895,3.888,3206.518,1486.756,25.272,-2.182,1.106,30.769,-0.213,9.633,41.995,-0.0,39.275,47.0,804.562,49.597,780.191,0.0,247.219,0.0,-0.031,0.0,2.557,-0.036,0.0,0.0,1341.806,18.25,46.939,94.774,0.0,0.0,0.0,0.0,94.789,-0.089,0.958,89.919,38.935,89.919,1026.428,1174.785,64.601,123.976,110.0,123.976,30.994,243.971,73.142,24.79,76.594,5.073,3289.454
1.219,378.877,9.921,4.357,2071.0,1315.422,36.932,-2.76,1.633,102.945,2.36,5.223,41.188,0.0,56.573,47.0,763.088,47.548,782.361,0.0,280.573,0.0,278.914,0.0,71.089,278.331,261.758,0.0,1319.991,18.91,47.053,69.468,0.0,0.0,0.0,0.0,69.326,1.088,1.095,92.675,39.118,92.675,996.336,1101.778,71.64,110.307,110.0,110.684,27.626,206.171,70.849,23.758,79.379,4.392,3384.691
1.109,472.949,9.524,4.343,1315.917,1284.417,26.764,-5.14,1.224,130.151,6.609,9.068,45.181,0.0,43.615,47.0,890.469,55.171,884.484,0.0,99.457,0.0,1.547,0.0,0.883,1.549,0.0,0.0,1341.348,9.76,45.792,98.918,0.0,0.0,0.0,0.0,98.461,1.079,1.021,91.982,44.224,91.982,1150.929,1158.045,13.882,136.966,110.0,137.332,34.333,276.572,78.728,27.591,77.598,7.1,3360.722
1.355,444.36,10.03,4.319,3287.51,1406.908,36.598,-0.069,1.637,27.176,-1.575,1.568,41.928,0.0,54.359,47.0,787.311,49.332,814.195,0.0,316.017,0.0,158.066,0.0,37.925,158.406,138.944,0.0,1333.795,10.411,45.889,79.379,0.0,0.0,0.0,0.0,78.573,1.042,1.028,94.014,40.71,94.014,1065.629,1171.407,84.863,119.251,110.0,119.73,29.871,239.096,72.84,24.664,76.732,4.668,3429.26
1.028,129.694,9.466,4.288,335.933,1119.38,131.446,3.939,6.494,27.0,-5.759,1.519,41.694,0.0,43.068,47.0,794.897,49.894,797.769,0.0,72.862,0.0,138.599,0.0,41.676,138.563,133.292,0.0,1340.146,17.179,46.815,63.329,0.0,0.0,0.0,0.0,63.66,1.126,1.153,91.827,39.89,91.827,990.821,1042.096,32.53,116.091,110.0,116.376,29.094,232.595,73.44,24.939,75.904,5.202,3062.03
1.363,251.179,9.518,3.921,3220.657,1721.529,78.409,2.422,3.487,27.294,-2.681,1.562,43.67,0.0,45.388,47.0,814.768,49.955,783.316,0.0,228.709,0.0,-0.036,0.0,0.824,-0.036,-0.0,0.0,1343.017,18.393,47.047,80.816,0.0,0.0,0.0,0.0,80.743,1.074,1.071,89.271,39.165,89.271,1044.674,1176.696,53.257,120.067,110.0,119.934,29.983,221.298,73.61,24.994,77.34,4.952,3453.697
1.217,275.294,9.81,4.176,1957.394,1351.291,187.272,0.385,8.327,27.196,-0.357,1.577,32.935,0.0,33.549,47.0,817.973,50.818,817.726,0.0,369.53,0.0,0.005,0.0,6.511,0.005,0.0,0.0,1351.682,9.585,45.761,100.0,0.0,0.0,0.0,0.0,100.0,0.953,0.971,91.046,40.884,91.046,794.449,1108.775,59.718,128.832,110.0,128.918,32.23,250.534,74.912,25.405,76.633,4.956,2782.531
1.129,379.495,9.719,4.23,1310.156,1693.578,36.913,-3.209,1.641,124.576,2.186,7.366,44.929,0.0,50.498,47.0,840.362,51.374,838.621,0.0,88.31,0.0,18.947,0.0,11.465,19.029,-0.002,0.0,1326.168,11.149,45.938,100.0,0.0,0.0,0.0,0.0,100.0,1.009,1.013,91.478,41.929,91.478,1182.676,1124.955,71.647,127.05,110.0,127.05,31.738,255.526,75.406,25.68,79.403,5.598,3291.202
1.256,240.197,9.769,4.243,2358.445,1526.823,36.873,-1.4,1.635,66.101,2.525,3.374,42.431,0.0,26.818,47.0,877.587,54.954,872.433,0.0,22.852,0.0,35.05,0.0,23.101,35.052,57.148,0.0,1357.693,0.0,24.726,62.837,0.0,0.0,0.0,0.0,62.938,1.103,1.115,92.907,43.622,92.907,1082.092,1064.742,-0.05,145.69,110.0,145.624,36.406,245.767,78.976,27.482,77.398,4.81,2116.646
1.241,228.419,9.926,3.935,1793.73,1268.868,71.244,2.68,3.092,27.019,-3.296,1.578,40.939,0.0,42.885,45.0,661.565,41.047,649.665,0.0,125.593,0.0,-0.047,0.0,2.363,-0.047,0.0,0.0,1349.442,9.305,45.736,100.0,0.0,0.0,0.0,0.0,100.0,1.014,1.036,94.494,32.483,94.494,683.38,1132.648,43.161,88.942,110.0,88.942,22.236,204.958,64.485,20.529,74.857,4.55,3100.86
1.13,463.439,9.582,4.188,1192.885,1195.125,174.277,0.564,7.75,27.353,-0.271,1.56,1.243,0.0,16.528,47.0,563.712,40.0,548.306,0.0,0.104,0.0,11.882,0.0,100.0,11.882,79.898,0.0,1134.37,17.849,46.863,100.0,0.0,0.0,0.0,0.0,100.0,0.966,1.039,91.093,27.425,91.093,0.119,696.148,34.64,92.348,110.0,92.334,23.094,197.772,63.52,20.0,82.433,4.97,882.359
1.057,884.661,9.733,4.422,350.818,1447.261,185.191,4.216,8.191,27.0,-5.276,1.521,1.185,0.0,0.703,47.0,807.138,53.082,817.064,0.0,505.57,0.0,-0.049,0.0,0.493,-0.048,0.0,0.0,1357.079,9.676,45.706,100.0,0.0,0.0,0.0,0.0,100.0,1.075,1.071,91.827,40.853,91.827,21.657,947.731,1.93,136.892,110.0,136.83,34.223,216.143,76.64,26.538,81.358,6.978,988.699
1.083,1110.406,9.667,4.294,814.271,1216.685,36.226,-6.635,1.61,151.959,3.673,8.353,1.098,0.0,20.714,47.0,566.528,40.0,540.879,0.0,0.092,0.0,12.162,0.0,100.0,12.162,79.91,0.0,1138.799,10.724,45.837,100.0,0.0,0.0,0.0,0.0,100.0,0.944,1.01,91.708,27.048,91.708,0.099,613.852,10.254,94.151,110.0,94.274,23.5,181.489,63.572,20.0,80.537,5.162,857.912
1.209,354.644,9.891,4.162,1874.267,1389.45,36.657,-1.864,1.639,130.328,1.709,7.256,21.397,0.0,38.58,47.0,801.442,49.355,801.809,0.0,240.761,0.0,-0.045,0.0,2.536,-0.045,-0.0,0.0,1353.958,10.441,45.882,100.0,0.0,0.0,0.0,0.0,100.0,1.003,1.1,93.011,40.091,93.011,498.536,631.589,24.917,120.561,110.0,120.616,30.154,229.941,73.272,24.676,77.42,5.095,1.0
1.259,524.888,10.022,4.035,2212.954,1540.369,101.61,2.809,4.762,26.98,-3.314,1.568,40.533,0.0,47.588,47.0,771.859,48.223,771.116,0.0,246.631,0.0,105.534,0.0,37.898,105.534,98.882,0.0,1348.994,25.068,47.908,69.048,0.0,0.0,0.0,0.0,68.868,-0.086,1.04,91.21,38.556,91.21,992.167,1112.47,85.806,112.834,110.0,112.612,28.153,245.539,71.83,24.109,73.417,5.175,3429.73
1.424,221.647,9.867,3.569,3230.522,1913.565,36.284,-2.368,1.613,27.176,-0.128,1.554,37.741,0.0,48.598,47.0,608.717,40.0,0.001,0.0,343.026,0.0,5.34,0.0,4.354,5.34,-0.0,0.0,1255.797,7.754,45.502,75.655,0.0,0.0,0.0,0.0,75.556,1.08,1.135,80.752,-0.0,80.752,923.879,1063.005,52.298,77.877,110.0,77.827,19.457,195.476,63.414,20.0,77.373,5.703,2818.305
1.237,565.255,10.079,4.179,2159.137,1657.995,146.443,2.156,6.069,27.392,-1.929,1.572,23.767,0.0,28.414,47.0,795.562,50.301,804.388,0.0,242.627,0.0,-0.046,0.0,3.453,-0.046,0.0,0.0,1355.706,7.141,45.405,100.0,0.0,0.0,0.0,0.0,100.0,0.995,1.077,91.807,40.197,91.807,563.112,746.715,26.687,125.924,110.0,126.033,31.508,247.994,74.173,25.146,76.981,4.918,1.0
1.264,435.939,10.008,4.196,2589.914,1423.125,83.335,1.589,3.809,27.314,-1.75,1.584,38.9,0.0,39.823,47.0,789.711,49.259,795.042,0.0,229.223,0.0,134.347,0.0,44.994,134.231,113.096,0.0,1340.833,19.91,47.207,79.159,0.0,0.0,0.0,0.0,79.082,-0.085,1.025,92.662,39.726,92.662,922.756,1046.613,70.508,119.961,110.0,120.008,30.002,236.856,72.798,24.642,74.637,5.187,3173.269
1.161,931.211,10.388,4.166,1368.375,1309.793,37.246,-0.385,1.624,184.916,1.851,10.709,30.225,0.0,43.088,47.0,832.029,50.983,843.568,0.0,242.62,0.0,-0.034,0.0,6.0,-0.033,0.0,0.0,1341.961,11.873,46.058,100.0,0.0,0.0,0.0,0.0,100.0,0.983,1.028,93.377,42.066,93.377,730.937,990.259,59.554,125.219,110.0,125.215,31.304,230.743,74.933,25.491,76.117,4.821,1.0
1.061,120.773,9.872,4.061,547.511,1007.001,36.755,-0.042,1.628,27.176,0.009,1.574,40.861,0.0,43.96,45.0,637.706,40.0,573.143,0.0,276.23,0.0,-0.027,0.0,1.928,-0.027,-0.0,0.0,1329.995,7.96,47.155,100.0,0.0,0.0,0.0,0.0,100.0,0.992,1.022,96.021,28.657,96.021,711.982,1175.902,57.062,81.526,110.0,81.526,20.381,194.24,63.344,20.0,73.993,4.46,3213.743
1.448,137.438,9.845,3.873,3842.913,1532.356,36.795,-0.063,1.639,27.412,-0.001,1.572,37.464,0.0,57.273,47.0,723.847,44.491,724.044,0.0,1.383,0.0,82.08,0.0,30.0,82.092,78.617,0.0,1303.212,8.745,45.561,100.0,0.0,0.0,0.0,0.0,100.0,1.03,1.079,91.303,36.202,91.303,917.309,820.929,28.525,96.879,110.0,96.879,24.22,193.142,68.102,22.248,77.863,5.694,2842.044
1.244,280.476,10.026,4.461,2336.059,1815.305,27.412,-2.88,1.215,95.368,2.7,5.852,23.687,-0.0,31.413,47.0,866.917,54.719,866.832,0.0,0.104,0.0,247.906,0.0,55.465,248.049,234.724,0.0,1342.208,11.836,45.064,58.038,0.0,0.0,0.0,0.0,57.785,1.127,1.248,92.086,43.342,92.086,534.484,502.661,35.398,145.945,110.0,146.198,36.55,268.851,78.335,27.36,79.925,6.209,1784.706
1.242,566.139,9.949,4.353,2112.475,1558.972,37.128,-1.058,1.616,187.586,1.511,10.776,20.992,0.0,35.797,47.0,816.359,50.751,819.487,0.0,238.692,0.0,-0.045,0.0,4.595,-0.043,0.0,0.0,1349.807,6.942,45.288,100.0,0.0,0.0,0.0,0.0,100.0,1.008,1.113,91.862,40.974,91.862,486.974,648.469,29.876,126.716,110.0,126.607,31.652,234.242,74.824,25.371,75.716,5.06,1.0
1.234,660.27,10.222,4.002,2059.608,1367.509,156.748,2.86,6.891,27.235,-2.789,1.568,37.808,0.0,40.341,45.0,641.974,40.0,604.907,0.0,90.885,0.0,0.373,0.0,6.312,0.373,0.0,0.0,1349.899,8.495,45.547,100.0,0.0,0.0,0.0,0.0,100.0,1.013,1.07,96.177,30.245,96.177,685.975,1015.369,49.571,82.276,110.0,82.245,20.561,191.736,63.439,20.0,72.183,4.691,2787.344
1.065,145.594,9.416,3.866,716.489,1330.876,64.177,5.971,2.854,27.471,-7.102,1.576,39.517,0.0,43.353,47.0,848.837,52.853,839.955,0.0,29.887,0.0,67.929,0.0,17.341,68.998,50.621,0.0,1337.646,11.231,45.951,89.385,0.0,0.0,0.0,0.0,89.567,1.09,1.107,90.726,41.998,90.726,984.474,936.908,13.463,131.335,110.0,131.062,32.823,237.769,76.387,26.431,79.526,6.954,3218.581
1.197,162.053,9.903,3.537,1660.949,1332.021,36.991,-3.882,1.645,88.969,3.078,4.976,41.156,0.0,45.014,45.0,642.542,40.0,607.114,0.0,235.651,0.0,-0.048,0.0,2.379,-0.048,0.0,0.0,1342.004,7.411,45.394,100.0,0.0,0.0,0.0,0.0,100.0,1.007,1.024,92.49,30.356,92.49,649.156,1100.624,45.275,82.453,110.0,82.381,20.595,189.378,63.415,20.0,75.901,4.492,3060.446
1.101,186.756,9.817,4.302,967.44,1202.185,36.186,-3.166,1.638,114.526,1.884,6.581,0.822,0.0,27.101,47.0,564.338,42.341,564.913,0.0,0.102,0.0,11.782,0.0,100.0,11.782,79.898,0.0,1143.998,19.611,47.095,100.0,0.0,0.0,0.0,0.0,100.0,0.937,0.981,92.242,28.169,92.242,0.082,1115.288,37.889,113.096,110.0,112.866,28.275,190.065,66.162,21.163,78.49,5.197,1398.432
1.243,187.345,9.874,4.01,2280.524,1205.333,37.168,-4.669,1.675,187.016,5.16,10.779,28.906,0.0,48.618,47.0,632.787,40.023,623.684,0.0,4.406,0.0,76.546,0.0,29.818,76.546,75.743,0.0,1293.834,11.122,44.901,81.243,0.0,0.0,0.0,0.0,81.578,1.067,1.178,96.74,31.184,96.74,669.209,614.573,32.962,76.467,110.0,76.467,19.117,217.062,63.277,20.009,76.578,5.778,2528.866
1.142,663.185,10.026,4.204,1395.189,1272.397,112.465,3.642,4.589,27.294,-4.031,1.584,39.371,0.0,35.292,47.0,824.234,51.623,821.881,0.0,168.862,0.0,-0.011,0.0,7.291,-0.011,-0.0,0.0,1350.437,9.288,45.649,100.001,0.0,0.0,0.0,0.0,100.0,0.985,1.004,90.388,41.094,90.388,958.564,1127.191,62.99,132.824,110.0,132.666,33.167,235.431,75.511,25.804,74.439,5.275,2921.278
1.112,412.325,9.791,4.451,1014.428,997.175,37.109,-1.389,1.654,143.616,5.148,7.811,38.662,0.0,38.237,47.0,828.658,52.258,841.664,0.0,1.305,0.0,118.342,0.0,36.495,118.239,115.582,0.0,1343.722,13.29,46.281,48.963,0.0,0.0,0.0,0.0,49.224,1.082,1.201,91.715,42.083,91.715,935.546,878.947,74.48,135.879,110.0,135.879,33.97,232.859,76.247,26.123,74.521,5.084,2729.39
1.038,4.971,-0.749,4.19,352.435,1064.812,-0.383,-0.049,0.0,-0.638,-0.008,0.0,16.012,0.0,16.987,47.0,797.4,50.794,804.303,0.0,0.129,0.0,135.572,0.0,38.383,136.372,135.216,0.0,1368.269,9.652,45.749,50.349,0.0,0.0,0.0,0.0,50.238,1.103,1.288,92.339,40.204,92.339,351.344,367.361,27.113,127.422,110.0,127.422,31.855,199.632,74.844,25.394,77.197,4.987,1018.26
1.135,215.7,9.561,4.341,1340.492,1213.442,44.98,0.788,1.863,27.432,-0.441,1.589,1.079,0.0,20.328,47.0,569.392,39.991,571.172,0.0,0.104,0.0,11.981,0.0,100.0,11.981,79.909,0.0,1141.977,9.03,45.682,100.0,0.0,0.0,0.0,0.0,100.0,0.977,1.066,92.424,28.549,92.424,0.103,492.927,27.857,92.539,110.0,92.533,23.137,221.61,63.555,19.996,83.317,4.925,702.91
1.053,123.04,9.814,4.367,533.457,1172.23,8.45,-1.54,0.376,1.462,-0.001,0.82,2.636,0.0,35.873,47.0,820.228,50.493,814.803,0.0,13.429,0.0,4.584,0.0,100.0,4.608,66.543,0.0,1239.361,10.867,45.978,100.0,0.0,0.0,0.0,0.0,100.0,0.851,0.987,91.435,40.74,91.354,0.157,997.326,33.736,121.969,110.0,121.955,30.489,252.72,74.182,25.243,80.765,5.762,1484.951
1.04,5.059,-0.748,4.205,367.876,1065.671,-0.383,-0.051,0.0,4.426,-0.83,0.0,19.237,0.0,21.387,47.0,827.074,52.524,829.931,0.0,0.128,0.0,128.534,0.0,36.685,127.462,128.031,0.0,1368.941,10.977,45.891,51.03,0.0,0.0,0.0,0.0,51.024,1.095,1.279,92.444,41.495,92.444,443.844,430.29,11.843,134.215,110.0,134.268,33.567,232.612,76.373,26.252,76.076,5.16,1312.178
1.258,978.881,10.209,4.21,2143.509,1211.438,182.639,2.433,8.322,27.51,-1.437,1.578,41.067,0.0,46.638,45.0,668.252,41.549,684.085,0.0,32.928,0.0,74.493,0.0,20.069,74.493,47.072,0.0,1352.454,8.302,45.496,100.0,0.0,0.0,0.0,0.0,100.0,1.01,1.073,96.169,34.204,96.169,776.532,922.309,57.072,88.487,110.0,88.487,22.139,222.984,64.874,20.767,75.705,4.452,3119.191
1.006,1.0,1.0,0.0,1.0,1.0,-0.402,-0.043,0.0,-0.677,-0.008,0.0,1.956,40.0,27.255,47.0,25.357,40.219,33.005,0.0,0.115,0.0,88.592,0.0,30.0,88.592,79.885,0.0,715.492,19.581,47.191,78.96,0.0,0.0,0.0,0.0,78.961,-0.102,1.137,75.298,1.65,75.298,0.197,438.807,20.246,36.359,110.0,36.358,9.092,9.859,0.714,20.109,81.787,5.243,508.08
1.045,298.436,9.817,4.226,405.626,1060.615,36.638,-1.976,1.651,177.889,3.436,9.626,23.712,0.0,18.486,47.0,809.563,51.242,810.014,0.0,1.329,0.0,128.639,0.0,39.781,128.27,134.305,0.0,1375.608,15.0,44.854,49.915,0.0,0.0,0.0,0.0,50.021,1.104,1.27,92.021,40.503,92.021,527.877,551.645,82.901,135.62,110.0,135.62,33.905,218.544,75.344,25.619,77.277,4.915,1440.604
1.25,133.051,9.843,4.228,2383.501,1687.854,74.404,3.138,3.189,27.451,-0.034,1.612,45.839,0.0,46.275,47.0,784.064,49.476,787.2,0.0,315.376,0.0,-0.088,0.0,4.982,-0.088,6.64,0.0,1334.443,7.78,45.478,84.765,0.0,0.0,0.0,0.0,84.827,1.065,1.036,91.487,39.36,91.487,1120.286,1113.068,41.184,126.803,110.0,126.748,31.703,223.736,72.92,24.741,78.784,4.308,3104.391
1.342,578.711,9.975,4.098,3114.896,1632.428,139.298,2.934,6.26,27.373,-3.063,1.564,28.042,0.0,37.032,47.0,788.262,48.703,784.201,0.0,155.233,0.0,155.591,0.0,40.782,155.591,127.41,0.0,1349.547,11.751,46.058,51.95,0.0,0.0,0.0,0.0,51.906,1.076,1.239,92.134,39.213,92.134,703.691,655.876,59.125,124.921,110.0,124.734,31.183,221.338,72.761,24.356,76.196,4.965,1863.409
1.177,263.604,9.922,4.602,1724.494,1745.76,27.196,-1.186,1.195,27.569,-0.536,1.569,51.429,-0.0,50.34,47.0,860.331,53.551,868.977,0.0,88.293,0.0,5.1,0.0,11.015,5.1,-0.03,0.0,1318.377,9.47,45.745,94.947,0.0,0.0,0.0,0.0,95.235,1.068,1.074,94.578,43.449,94.578,1313.654,954.813,38.908,138.339,110.0,137.904,34.59,258.753,76.994,26.775,82.031,6.205,3163.855
1.13,159.168,9.819,4.445,1333.722,1413.013,140.633,2.472,6.649,27.706,-6.316,1.563,38.402,-0.0,38.971,47.0,853.521,53.52,854.18,0.0,40.9,0.0,115.45,0.0,26.734,116.155,112.242,0.0,1362.804,11.142,46.0,71.035,0.0,0.0,0.0,0.0,70.78,1.101,1.145,92.059,42.709,92.059,917.082,881.555,44.514,133.816,110.0,133.792,33.454,251.127,77.018,26.755,76.403,6.291,2603.703
1.077,119.86,9.76,4.178,707.301,1163.262,-0.56,-0.055,0.0,-0.717,-0.006,0.0,23.572,0.0,30.67,47.0,850.533,52.583,847.214,0.0,0.139,0.0,147.206,0.0,43.243,146.491,152.97,0.0,1354.767,10.473,45.887,48.099,0.0,0.0,0.0,0.0,48.346,1.103,1.264,92.634,42.322,92.634,546.475,512.575,45.35,132.338,110.0,132.338,33.085,254.694,76.644,26.292,77.142,5.235,1706.922
1.129,220.587,9.878,4.343,1246.705,1263.43,77.78,3.072,3.637,27.098,-4.558,1.574,40.6,0.0,46.966,47.0,798.383,48.884,802.425,0.0,254.677,0.0,74.192,0.0,32.513,74.244,75.94,0.0,1341.625,31.259,48.815,67.494,0.0,0.0,0.0,0.0,67.401,-0.084,1.008,92.908,40.128,92.908,976.699,1113.39,95.766,115.039,110.0,114.805,28.701,244.894,72.459,24.439,75.734,5.138,3363.275
1.169,132.61,9.796,4.043,1486.824,1308.553,32.673,0.259,1.44,27.235,-0.138,1.578,2.26,0.0,35.929,47.0,865.074,53.784,862.146,0.0,24.0,0.0,94.609,0.0,30.0,94.609,55.804,0.0,1244.597,14.016,46.321,100.0,0.0,0.0,0.0,0.0,100.0,0.897,0.905,91.293,43.108,91.294,0.22,1052.063,44.554,140.092,110.0,140.092,35.023,274.684,77.36,26.897,84.413,5.804,1636.774
1.432,280.888,10.174,3.771,3581.794,1418.356,120.592,5.047,5.253,27.176,-4.95,1.548,31.045,0.0,17.474,47.0,373.512,40.0,163.587,0.0,1.129,0.0,217.908,0.0,49.363,217.908,231.766,0.0,1325.346,10.515,45.826,42.774,0.0,0.0,0.0,0.0,42.958,1.119,1.269,86.001,8.179,86.001,718.034,728.033,42.021,116.918,110.0,116.8,29.2,163.107,63.567,20.0,77.607,5.269,1520.904
1.059,114.443,9.823,4.244,582.99,1283.654,17.44,0.252,0.919,186.997,0.301,0.498,0.901,0.0,30.156,47.0,546.384,40.722,537.794,0.0,0.104,0.0,12.257,0.0,100.0,12.257,79.897,0.0,1140.101,11.128,45.892,100.0,0.0,0.0,0.0,0.0,100.0,0.956,1.05,90.34,26.887,90.34,0.076,709.95,35.97,104.012,110.0,104.012,25.977,196.519,64.437,20.36,82.569,4.838,1031.488
1.28,869.262,9.644,4.079,2490.056,1576.811,27.098,-1.624,1.195,186.761,2.39,10.721,41.896,0.0,34.426,47.0,808.44,50.138,798.42,0.0,156.285,0.0,-0.021,0.0,7.935,-0.021,23.504,0.0,1353.276,21.108,47.312,63.205,0.0,0.0,0.0,0.0,63.692,1.11,1.124,92.361,39.921,92.361,1016.036,1085.732,45.23,122.908,110.0,122.971,30.743,265.224,73.815,25.067,75.569,5.135,2691.786
1.032,140.883,9.849,4.176,314.194,1460.235,29.532,3.258,1.247,23.859,0.278,1.305,43.613,-0.0,56.676,47.0,668.77,43.349,666.426,0.0,390.982,0.0,1.588,0.0,1.294,1.588,0.0,0.0,1306.399,13.03,46.174,93.111,0.0,0.0,0.0,0.0,92.741,1.03,0.979,86.31,33.321,86.31,1072.21,1205.176,56.845,92.766,110.0,92.642,23.161,212.261,66.757,21.674,74.359,4.569,3363.5
1.035,113.736,9.474,4.359,335.92,1139.318,27.255,-0.054,1.221,27.648,-0.007,1.572,1.331,0.0,23.295,47.0,868.574,55.892,884.847,0.0,551.9,0.0,-0.055,0.0,0.744,-0.056,0.0,0.0,1368.884,10.938,45.945,100.0,0.0,0.0,0.0,0.0,100.0,1.007,1.016,94.202,44.242,94.202,26.329,1230.821,2.794,146.197,110.0,146.197,36.55,229.696,79.516,27.95,77.614,7.144,1730.461
1.281,311.833,9.949,4.348,2847.738,1633.954,36.324,-3.237,1.618,95.741,3.196,5.564,36.138,0.0,43.868,47.0,787.297,48.891,777.277,0.0,62.637,0.0,401.329,0.0,96.662,401.327,465.432,0.0,1360.192,8.597,45.553,31.393,0.0,0.0,0.0,0.0,31.366,1.143,1.181,89.751,38.864,89.751,872.782,912.787,58.885,126.327,110.0,126.243,31.561,242.459,72.357,24.448,77.699,4.493,2648.241
1.261,137.262,9.874,4.01,2324.499,1795.939,36.775,-0.061,1.635,27.353,-0.027,1.572,43.116,0.0,56.344,45.0,640.728,40.175,645.811,0.0,375.996,0.0,0.208,0.0,2.758,0.208,-0.0,0.0,1320.364,8.016,45.434,100.0,0.0,0.0,0.0,0.0,100.0,0.992,1.023,95.104,32.291,95.104,658.8,1141.599,59.512,78.395,110.0,78.394,19.614,213.594,63.5,20.087,75.253,4.672,3344.203
1.264,254.978,9.892,4.391,2524.443,1380.101,36.775,-3.562,1.619,90.186,3.18,5.146,40.233,-0.0,31.203,47.0,832.159,52.216,821.278,0.0,100.489,0.0,400.305,0.0,99.227,400.337,446.459,0.0,1370.009,11.224,45.991,45.936,0.0,0.0,0.0,0.0,45.896,1.138,1.152,92.059,41.064,92.059,974.027,1044.877,60.335,142.577,110.0,142.577,35.592,254.497,75.876,26.108,76.497,4.565,2369.25
1.093,218.938,9.846,4.261,751.706,1071.585,36.559,-5.056,1.615,85.769,5.697,4.972,29.083,0.0,30.26,47.0,840.006,52.477,843.58,0.0,0.935,0.0,141.106,0.0,43.254,141.106,150.23,0.0,1356.994,7.16,45.34,48.358,0.0,0.0,0.0,0.0,48.681,1.09,1.252,94.682,42.18,94.682,701.023,704.503,50.669,133.689,110.0,133.66,33.415,224.275,76.681,26.246,77.916,5.253,1866.347
1.256,757.317,10.111,4.144,2408.004,1461.475,36.422,-3.43,1.625,174.611,3.053,8.563,36.992,0.0,32.824,47.0,796.572,50.526,790.476,0.0,232.255,0.0,353.43,0.0,82.93,352.981,365.538,0.0,1358.186,20.877,47.389,57.364,0.0,0.0,0.0,0.0,57.299,1.107,1.119,91.185,39.524,91.185,896.507,989.696,72.716,131.42,110.0,131.131,32.817,256.988,74.208,25.267,76.821,4.685,2486.057
1.007,1.0,1.0,0.0,1.0,1.0,-0.461,-0.028,0.0,-0.599,-0.005,0.0,0.788,35.0,18.21,47.0,24.184,40.0,0.0,0.0,171.667,0.0,-0.034,0.0,2.8,-0.033,0.0,0.0,742.643,10.418,45.845,100.0,0.0,0.0,0.0,0.0,100.0,1.132,1.154,82.191,0.0,82.191,3.09,323.772,0.217,34.067,110.0,34.067,8.525,8.682,0.706,20.0,78.472,6.735,380.258
1.184,835.431,9.71,4.779,1788.409,1656.945,26.804,-5.612,1.219,186.801,5.833,10.74,41.255,0.0,48.409,47.0,911.022,56.241,920.166,0.0,10.149,0.0,73.169,0.0,24.124,73.171,69.849,0.0,1340.223,10.282,45.752,100.0,0.0,0.0,0.0,0.0,100.0,1.081,1.088,93.653,46.008,93.653,991.053,940.946,7.096,135.163,110.0,135.163,33.765,250.929,80.025,28.126,76.566,7.044,3078.632
1.12,315.249,9.926,3.868,958.298,1150.384,36.893,-2.393,1.641,149.603,2.538,8.778,40.695,0.0,13.623,45.0,661.191,41.299,652.138,0.0,455.559,0.0,-0.044,0.0,2.564,-0.044,-0.0,0.0,1359.605,7.976,45.549,100.0,0.0,0.0,0.0,0.0,100.0,0.992,0.976,94.456,32.607,94.456,791.612,1180.155,40.544,92.918,110.0,92.873,23.218,192.229,64.732,20.657,74.25,4.539,3037.654
1.321,142.856,9.854,4.263,2712.327,1775.62,36.755,-0.058,1.634,27.196,-1.57,1.568,47.083,0.0,52.013,47.0,851.084,51.233,872.093,0.0,303.648,0.0,-0.046,0.0,2.704,-0.045,-0.0,0.0,1312.196,10.318,45.79,100.0,0.0,0.0,0.0,0.0,100.0,0.975,0.95,94.577,43.595,94.577,1284.477,1209.186,49.353,125.122,110.0,125.285,31.321,235.17,75.173,25.609,75.578,5.73,3298.896
1.15,176.098,9.791,4.39,1682.148,1369.035,92.267,6.026,4.257,28.04,-0.1,1.625,27.556,0.0,45.308,47.0,841.255,52.315,847.589,0.0,-0.018,0.0,230.008,0.0,56.92,228.018,215.157,0.0,1365.763,9.991,45.796,68.684,0.0,0.0,0.0,0.0,68.129,1.11,1.215,91.827,42.379,91.827,626.469,565.004,30.626,129.513,110.0,128.966,32.378,228.175,75.823,26.154,78.378,6.326,2651.157
1.2,128.782,9.855,4.386,1986.296,1344.232,39.641,1.349,1.763,27.373,-0.992,1.568,41.77,0.0,48.264,47.0,887.549,54.995,897.502,0.0,359.919,0.0,35.315,0.0,12.105,35.315,28.318,0.0,1344.048,11.268,45.912,70.017,0.0,0.0,0.0,0.0,70.035,1.054,1.03,93.359,44.875,93.359,1039.906,1122.126,35.244,143.728,110.0,143.464,35.866,261.034,78.52,27.503,76.183,4.447,3208.739
1.18,630.797,9.931,4.228,1684.929,1384.394,36.363,-3.069,1.634,165.66,3.542,7.306,40.023,0.0,44.741,47.0,802.535,49.987,801.208,0.0,198.816,0.0,287.121,0.0,62.165,288.098,285.5,0.0,1349.132,13.045,46.208,53.386,0.0,0.0,0.0,0.0,53.395,1.106,1.132,92.21,40.06,92.21,958.778,1048.568,33.654,125.051,110.0,125.195,31.263,238.679,73.503,24.988,77.587,4.584,3064.848
1.345,477.101,9.784,4.239,2994.571,1636.53,184.249,1.168,8.348,27.549,-3.287,1.582,41.904,0.0,40.971,47.0,895.866,56.472,907.944,0.0,61.429,0.0,117.934,0.0,27.256,118.691,103.946,0.0,1344.894,7.154,45.362,73.313,0.0,0.0,0.0,0.0,73.316,1.118,1.135,92.628,45.397,92.628,955.201,899.277,20.224,143.409,110.0,143.963,35.959,244.355,80.083,28.239,78.432,6.861,2885.32
1.307,545.086,9.962,4.107,2731.262,1674.498,186.055,0.601,8.325,27.589,-0.773,1.583,39.752,0.0,43.527,47.0,848.627,51.573,839.118,0.0,247.533,0.0,-0.016,0.0,2.82,-0.014,-0.0,0.0,1359.313,18.961,47.051,97.418,0.0,0.0,0.0,0.0,97.75,-0.085,0.94,93.284,41.945,93.284,952.224,1090.621,62.484,131.236,110.0,131.355,32.839,252.945,75.296,25.793,75.805,4.959,3546.837
1.045,8.799,-0.742,4.391,432.922,1160.877,-0.638,-0.058,0.0,-0.717,-0.007,0.0,7.255,0.0,14.305,47.0,843.964,52.562,820.551,0.0,0.092,0.0,385.972,0.0,80.735,386.605,360.264,0.0,1375.227,9.785,45.741,65.548,0.0,0.0,0.0,0.0,65.757,1.13,1.28,92.055,41.028,92.055,153.497,209.451,7.598,142.068,110.0,141.624,35.517,216.093,76.255,26.287,81.601,6.958,472.487
1.349,144.711,9.868,3.932,3159.568,1254.081,36.814,0.211,1.641,36.795,2.125,1.97,41.996,0.0,53.364,45.0,667.044,41.843,677.359,0.0,135.841,0.0,-0.047,0.0,1.684,-0.047,-0.0,0.0,1328.458,10.363,45.888,100.0,0.0,0.0,0.0,0.0,100.0,1.012,1.048,95.866,33.868,95.866,731.828,1112.704,43.896,84.657,110.0,84.444,21.22,198.18,65.285,20.919,76.304,4.662,3425.112
1.167,120.302,9.834,4.037,1913.114,1385.253,36.598,-0.058,1.621,27.196,-0.006,1.576,45.037,0.0,52.372,47.0,762.154,47.877,761.281,0.0,188.97,0.0,-0.047,0.0,2.624,-0.046,0.0,0.0,1310.067,10.263,45.832,100.0,0.0,0.0,0.0,0.0,100.0,1.004,0.984,87.442,38.063,87.442,1186.091,1179.126,68.451,110.387,110.0,110.248,27.605,227.743,71.731,23.93,76.832,5.787,3270.56
1.328,206.66,9.795,4.515,3302.228,1277.549,78.605,1.71,3.975,27.805,-0.488,1.613,35.777,0.0,45.44,47.0,784.104,49.405,789.117,0.0,297.263,0.0,195.966,0.0,58.118,195.966,191.276,0.0,1364.827,14.708,46.448,64.426,0.0,0.0,0.0,0.0,64.372,1.085,1.099,90.702,39.456,90.702,883.136,896.099,63.955,128.788,110.0,128.788,32.197,227.106,72.914,24.695,76.869,4.597,2696.844
1.027,151.218,9.477,4.361,113.823,1224.985,49.691,3.864,1.908,27.216,-4.263,1.563,1.068,0.0,25.732,47.0,849.95,54.507,863.427,0.0,497.24,0.0,-0.054,0.0,0.294,-0.055,-0.0,0.0,1377.654,10.281,45.833,100.0,0.0,0.0,0.0,0.0,100.0,1.068,1.039,92.527,43.171,92.527,3.701,1013.212,3.22,139.549,110.0,139.424,34.887,233.129,78.022,27.258,83.554,6.984,1587.068
1.25,666.041,10.044,3.993,2216.661,1655.514,125.558,2.465,5.225,26.725,-2.068,1.584,19.168,0.0,28.814,47.0,816.556,50.956,796.474,0.0,0.113,0.0,260.712,0.0,60.656,260.288,251.869,0.0,1352.945,9.68,45.675,62.744,0.0,0.0,0.0,0.0,62.895,1.112,1.253,91.679,39.824,91.679,416.55,427.397,10.227,134.086,110.0,133.999,33.5,248.719,74.604,25.49,82.429,5.916,1441.774
1.272,1127.1,10.164,4.432,2487.879,1521.862,36.245,-2.573,1.637,185.78,2.305,10.552,41.216,0.0,40.388,47.0,838.65,53.38,859.483,0.0,214.492,0.0,366.175,0.0,77.686,366.066,367.81,0.0,1358.253,12.23,46.086,62.868,0.0,0.0,0.0,0.0,62.942,1.091,1.09,93.159,42.974,93.159,1027.553,1103.263,69.061,141.022,110.0,141.004,35.251,240.034,76.767,26.69,74.557,4.679,3076.846
1.172,265.253,9.789,4.284,1573.647,1537.507,89.263,4.01,4.445,27.275,-4.74,1.562,41.085,0.0,38.168,47.0,870.24,54.214,878.896,0.0,32.429,0.0,55.753,0.0,20.381,55.753,54.013,0.0,1346.829,10.449,45.785,56.989,0.0,0.0,0.0,0.0,57.187,1.07,1.175,93.55,43.945,93.55,978.369,1010.619,39.196,142.513,110.0,142.924,35.731,247.026,78.27,27.104,76.651,5.087,2687.005
1.205,433.318,10.037,4.274,1918.659,1341.561,105.87,2.412,4.399,27.333,-2.42,1.569,28.765,0.0,34.184,47.0,829.314,50.282,811.657,0.0,239.229,0.0,-0.045,0.0,2.834,-0.045,-0.0,0.0,1357.184,10.008,45.836,100.0,0.0,0.0,0.0,0.0,100.0,0.983,1.045,92.171,40.583,92.171,695.578,917.902,36.915,128.979,110.0,129.235,32.309,240.894,74.333,25.144,76.284,5.112,1.0
1.326,360.356,9.97,4.125,2922.699,1416.066,134.489,0.97,8.328,27.412,-1.141,1.566,40.734,0.0,44.137,47.0,799.935,49.963,808.388,0.0,103.581,0.0,74.648,0.0,24.956,74.638,74.493,0.0,1346.826,18.457,46.945,67.565,0.0,0.0,0.0,0.0,67.553,-0.086,1.081,93.319,40.419,93.319,974.432,950.147,49.349,119.948,110.0,119.964,29.991,236.522,73.536,24.982,74.656,5.362,3174.951
